topic,words
0,"pandemic, economy, global, investment, support, challenge, firm, face, crisis, fiscal, rise, economic"
1,"market, liquidity, money, operation, rate, credit, measure, provide, asset, collateral, turmoil, interest_rate"
2,"household, income, low, saving, interest_rate, country, rate, effect, inequality, real, consumption, interest"
3,"country, economic, member_state, exchange_rate, convergence, integration, process, currency, union, economy, region, challenge"
4,"financial, stability, system, risk, institution, market, global, crisis, level, well, development, framework"
5,"crisis, financial, measure, country, economy, take, risk, support, market, government, credit, debt"
6,"banking_union, capital, national, supervision, supervisory, union, supervisor, resolution, banking_sector, rule, banking, single"
7,"digital, money, payment, use, cash, technology, system, transaction, risk, private, crypto_asset, public"
8,"payment, sepa, service, retail_payment, market, use, customer, national, scheme, card, payment_system, payment_service"
9,"way, other, very, now, take, change, many, give, first, question, mean, well"
10,"inflation, price, wage, shock, inflation_expectation, cost, low, level, demand, energy, rise, change"
11,"market, financial, risk, credit, asset, loan, non, finance, sector, capital, investor, firm"
12,"ccp, market, security, risk, regulation, collateral, clearing, regulatory, market_infrastructure, standard, transaction, risk_management"
13,"economic, development, stability, price_stability, govern_council, interest_rate, growth, price, strategy, escb, exchange_rate, rate"
14,"fiscal, country, economic, government, reform, union, national, stability, level, rule, market, member_state"
15,"banknote, coin, banknote_coin, currency, country, cash_changeover, use, cash, public, national, changeover, people"
16,"international, global, currency, country, economy, trade, world, globalisation, financial, market, exchange_rate, domestic"
17,"growth, economic, inflation, economy, outlook, development, rate, support, expect, recovery, level, measure"
18,"model, price, economic, economy, effect, money, growth, research, real, financial, analysis, evidence"
19,"growth, economy, economic, reform, productivity, market, country, rate, structural_reform, sector, employment, potential"
20,"statistic, datum, information, statistical, financial, analysis, account, national, economic, use, quality, indicator"
21,"work, first, important, well, take, support, now, challenge, key, start, many, future"
22,"market, financial, integration, development, system, cross_border, single, country, process, capital, service, economic"
23,"price_stability, inflation, strategy, stability, decision, economic, price, market, objective, analysis, medium_term, economy"
24,"rate, interest_rate, asset_purchase, inflation, low, market, negative, effect, purchase, condition, measure, forward_guidance"
25,"national, institution, system, independence, other, objective, decision, public, task, case, treaty, issue"
26,"risk, climate, climate_change, climate_relate, green, financial, transition, impact, supervisor, economy, action, supervisory"
27,"economic, union, political, people, institution, market, trust, citizen, integration, currency, common, single"
28,"chart, rate, base, model, shock, late_observation, impact, note, source, estimate, path, projection"
29,"financial, risk, macro_prudential, macroprudential, stability, systemic_risk, system, sector, esrb, measure, tool, framework"
