topic,words
0,"pandemic, economy, crisis, investment, rise, global, change, firm, support, large, face, fiscal"
1,"credit, loan, crisis, capital, lending, firm, financial, investment, banking_sector, low, finance, cost"
2,"banknote, banknote_coin, coin, cash_changeover, national, public, country, currency, cash, changeover, use, citizen"
3,"currency, international, exchange_rate, market, use, role, dollar, country, economic, reserve, financial, stability"
4,"other, such, development, however, particular, change, level, result, first, important, well, large"
5,"country, economic, member_state, exchange_rate, integration, union, convergence, process, economy, growth, currency, rate"
6,"banking_union, national, supervision, supervisory, supervisor, resolution, banking, capital, mechanism, union, risk, country"
7,"digital, payment, money, use, cash, technology, financial, system, risk, transaction, service, private"
8,"payment, sepa, market, service, retail_payment, use, national, scheme, infrastructure, customer, payment_system, card"
9,"take, now, way, question, very, just, first, come, know, then, well, many"
10,"inflation, price, shock, wage, inflation_expectation, energy, medium_term, demand, service, risk, cost, target"
11,"market, liquidity, financial, money, credit, measure, operation, rate, crisis, asset, risk, collateral"
12,"risk, market, financial, regulation, security, activity, regulatory, ccp, risk_management, global, standard, institution"
13,"price_stability, strategy, economic, stability, inflation, decision, price, development, medium_term, govern_council, money, analysis"
14,"fiscal, country, crisis, government, economic, reform, market, union, debt, financial, rule, national"
15,"risk, climate, climate_change, climate_relate, financial, green, transition, economy, impact, supervisor, supervisory, finance"
16,"global, economy, country, international, financial, trade, globalisation, world, emerge, domestic, market, economic"
17,"growth, economic, inflation, rate, development, outlook, expect, economy, level, support, recovery, measure"
18,"inflation, interest_rate, low, rate, economy, real, measure, price, effect, growth, price_stability, risk"
19,"growth, economic, economy, reform, productivity, country, market, rate, structural_reform, employment, sector, labour_market"
20,"financial, risk, market, asset, stability, sector, non, credit, macroprudential, price, system, liquidity"
21,"national, escb, system, treaty, decision, independence, institution, objective, operation, other, member_state, member"
22,"market, financial, integration, cross_border, system, single, capital, development, country, service, banking, activity"
23,"financial, challenge, support, well, important, framework, first, ensure, level, work, key, provide"
24,"rate, asset_purchase, market, interest_rate, purchase, condition, bond, forward_guidance, inflation, programme, yield, instrument"
25,"statistic, datum, financial, information, statistical, account, analysis, national, use, economic, quality, development"
26,"model, economic, research, money, analysis, use, price, economy, work_paper, evidence, financial, shock"
27,"economic, union, political, institution, people, trust, integration, common, citizen, single, national, currency"
28,"chart, household, rate, impact, model, late_observation, note, estimate, source, base, income, shock"
29,"financial, stability, crisis, system, risk, institution, macro_prudential, sector, systemic_risk, framework, supervision, measure"
