topic,words
0,"rate, interest_rate, low, asset_purchase, inflation, measure, market, negative, condition, effect, purchase, long_term"
1,"growth, inflation, economic, price, rate, economy, level, outlook, expect, development, support, recovery"
2,"growth, economy, economic, country, productivity, investment, reform, low, firm, rate, sector, employment"
3,"country, economic, fiscal, member_state, union, exchange_rate, growth, national, reform, structural_reform, convergence, process"
4,"market, financial, integration, development, system, single, cross_border, country, process, service, security, national"
5,"payment, digital, use, sepa, money, service, cash, retail_payment, provide, payment_system, transaction, customer"
6,"market, liquidity, money, credit, operation, rate, collateral, financial, asset, provide, turmoil, risk"
7,"financial, risk, system, stability, institution, framework, supervisory, supervision, regulation, level, macro_prudential, authority"
8,"financial, risk, market, credit, asset, sector, capital, non, loan, stability, system, finance"
9,"economic, political, people, union, institution, national, citizen, trust, common, country, treaty, independence"
10,"inflation, shock, chart, pandemic, price, firm, change, wage, rate, demand, base, target"
11,"statistic, datum, financial, information, statistical, account, analysis, household, use, national, economic, quality"
12,"union, country, national, market, banking_union, capital, crisis, level, fiscal, ensure, mechanism, single"
13,"global, international, currency, country, economy, financial, trade, market, world, globalisation, exchange_rate, domestic"
14,"banknote, country, now, first, very, currency, national, use, question, other, already, take"
15,"price, inflation, model, economic, economy, shock, analysis, effect, financial, money, real, asset"
16,"way, market, take, other, many, change, case, very, example, different, first, such"
17,"price_stability, stability, strategy, economic, decision, development, inflation, govern_council, objective, medium_term, price, interest_rate"
18,"risk, climate, climate_change, economy, investment, global, transition, impact, climate_relate, green, energy, sector"
19,"crisis, financial, measure, fiscal, country, economic, government, economy, stability, market, support, risk"
