topic,words
0,"rate, interest_rate, low, inflation, asset_purchase, measure, negative, condition, effect, market, purchase, long_term"
1,"inflation, shock, price, chart, rate, wage, pandemic, inflation_expectation, firm, change, base, demand"
2,"growth, economy, economic, productivity, country, reform, rate, low, investment, firm, sector, employment"
3,"country, economic, member_state, exchange_rate, process, integration, union, currency, fiscal, convergence, economy, growth"
4,"market, financial, integration, cross_border, single, development, system, service, process, security, country, capital"
5,"payment, digital, use, money, sepa, service, cash, retail_payment, transaction, payment_system, scheme, customer"
6,"market, liquidity, financial, money, measure, crisis, credit, operation, risk, rate, collateral, provide"
7,"financial, risk, stability, system, crisis, institution, supervision, supervisory, framework, regulation, macro_prudential, supervisor"
8,"financial, market, risk, credit, asset, loan, sector, non, capital, finance, large, firm"
9,"economic, people, political, union, citizen, trust, common, institution, integration, world, currency, single"
10,"growth, economic, inflation, economy, outlook, support, recovery, level, measure, expect, rate, development"
11,"statistic, datum, financial, information, analysis, statistical, account, use, economic, quality, national, include"
12,"crisis, fiscal, country, union, financial, economic, government, national, level, reform, debt, support"
13,"global, international, currency, financial, country, economy, trade, world, market, globalisation, exchange_rate, domestic"
14,"banknote, country, currency, now, question, very, banknote_coin, coin, use, first, know, cash_changeover"
15,"market, way, take, many, economy, first, now, other, example, change, still, long"
16,"national, system, other, institution, issue, decision, public, objective, use, level, case, operation"
17,"price_stability, inflation, stability, economic, strategy, development, price, decision, medium_term, interest_rate, rate, govern_council"
18,"risk, climate, climate_change, economy, investment, pandemic, global, transition, impact, climate_relate, green, energy"
19,"price, model, financial, economic, economy, effect, money, shock, analysis, asset, research, macroeconomic"
