topic,words
0,"rate, interest_rate, low, inflation, asset_purchase, measure, market, negative, condition, effect, purchase, long_term"
1,"inflation, shock, price, chart, pandemic, rate, wage, firm, inflation_expectation, change, base, demand"
2,"growth, economy, economic, productivity, country, investment, rate, low, firm, reform, sector, employment"
3,"country, economic, fiscal, member_state, union, exchange_rate, growth, reform, structural_reform, process, national, level"
4,"market, financial, integration, development, system, cross_border, single, process, service, security, country, competition"
5,"payment, digital, use, sepa, money, service, cash, retail_payment, transaction, payment_system, provide, scheme"
6,"market, liquidity, money, credit, operation, rate, financial, collateral, provide, asset, measure, turmoil"
7,"financial, risk, stability, system, institution, framework, crisis, supervisory, regulation, supervision, macro_prudential, global"
8,"financial, market, risk, credit, asset, sector, loan, non, capital, finance, large, stability"
9,"economic, people, political, union, trust, citizen, common, institution, world, work, challenge, history"
10,"growth, economic, inflation, economy, outlook, support, expect, recovery, level, rate, measure, development"
11,"statistic, datum, information, financial, analysis, statistical, account, use, national, household, quality, economic"
12,"union, market, national, country, capital, banking_union, level, single, ensure, mechanism, resolution, rule"
13,"global, international, currency, country, economy, trade, financial, market, world, exchange_rate, globalisation, domestic"
14,"very, now, take, other, first, many, way, country, give, change, question, come"
15,"price, model, economy, economic, effect, shock, financial, change, example, real, macroeconomic, analysis"
16,"national, decision, system, treaty, institution, other, escb, stability, independence, public, objective, member_state"
17,"price_stability, inflation, strategy, stability, development, price, economic, decision, interest_rate, market, medium_term, govern_council"
18,"risk, climate, climate_change, economy, investment, transition, global, pandemic, impact, green, climate_relate, energy"
19,"crisis, financial, fiscal, country, measure, government, economic, economy, market, stability, support, take"
