topic,words
0,"risk, climate, climate_change, financial, economy, transition, climate_relate, green, impact, supervisor, energy, global"
1,"rate, interest_rate, asset_purchase, market, inflation, measure, condition, low, negative, purchase, instrument, forward_guidance"
2,"growth, economy, productivity, rate, economic, reform, sector, investment, employment, firm, market, labour_market"
3,"market, financial, integration, development, system, cross_border, country, single, process, capital, security, activity"
4,"banknote, country, member_state, accession_country, enlargement, join, convergence, banknote_coin, coin, currency, process, cash_changeover"
5,"country, economic, fiscal, union, reform, growth, member_state, national, level, structural_reform, adjustment, competitiveness"
6,"payment, sepa, service, market, retail_payment, use, infrastructure, payment_system, national, scheme, customer, cost"
7,"capital, banking_union, market, union, banking_sector, risk, resolution, ensure, level, national, country, single"
8,"currency, international, exchange_rate, use, role, market, country, dollar, economic, reserve, system, stability"
9,"take, now, way, first, very, many, other, much, give, question, well, change"
10,"global, economy, financial, country, trade, international, globalisation, world, emerge, domestic, market, economic"
11,"economic, union, political, people, common, citizen, trust, integration, national, single, institution, share"
12,"price_stability, stability, economy, economic, objective, medium_term, market, such, challenge, provide, framework, well"
13,"growth, inflation, economic, price, rate, economy, low, outlook, level, development, expect, measure"
14,"statistic, datum, financial, statistical, information, account, analysis, national, use, economic, quality, available"
15,"strategy, govern_council, development, decision, price_stability, economic, interest_rate, price, escb, stability, inflation, communication"
16,"digital, payment, money, use, cash, technology, transaction, public, value, ensure, provide, private"
17,"institution, national, rule, system, supervisory, banking, level, stability, other, authority, case, supervisor"
18,"low, household, effect, income, large, price, rise, slide, investment, interest_rate, firm, example"
19,"inflation, price, model, analysis, economic, money, real, asset, shock, effect, rate, use"
20,"inflation, shock, pandemic, chart, rate, wage, change, inflation_expectation, target, base, firm, energy"
21,"work, level, support, financial, first, framework, important, well, issue, key, provide, address"
22,"crisis, financial, fiscal, measure, country, government, market, debt, support, take, economy, risk"
23,"market, liquidity, credit, financial, money, operation, asset, risk, rate, collateral, loan, provide"
24,"financial, risk, stability, system, crisis, sector, market, institution, macro_prudential, systemic_risk, credit, macroprudential"
