topic,words
0,"rate, interest_rate, asset_purchase, market, low, purchase, condition, negative, bond, measure, instrument, forward_guidance"
1,"inflation, shock, chart, pandemic, firm, wage, price, rate, base, change, target, energy"
2,"growth, economy, economic, productivity, country, investment, reform, rate, firm, sector, employment, market"
3,"country, economic, member_state, fiscal, growth, exchange_rate, union, process, reform, convergence, integration, economy"
4,"market, financial, integration, cross_border, single, development, system, security, service, process, country, national"
5,"payment, digital, use, money, sepa, service, cash, retail_payment, payment_system, transaction, scheme, customer"
6,"market, liquidity, financial, money, crisis, measure, credit, operation, risk, collateral, provide, rate"
7,"financial, risk, stability, system, crisis, institution, supervision, framework, supervisory, regulation, macro_prudential, supervisor"
8,"financial, risk, market, credit, asset, sector, loan, capital, non, finance, large, firm"
9,"economic, people, many, political, world, economy, union, first, now, citizen, trust, challenge"
10,"growth, economic, inflation, outlook, support, recovery, economy, expect, level, rate, development, measure"
11,"statistic, datum, information, financial, statistical, account, analysis, national, use, quality, household, economic"
12,"crisis, country, fiscal, union, financial, government, economic, national, level, market, debt, reform"
13,"global, international, currency, country, financial, economy, trade, market, world, globalisation, exchange_rate, domestic"
14,"now, banknote, country, very, question, first, currency, already, use, take, other, know"
15,"inflation, price, economy, low, interest_rate, rate, effect, risk, real, change, measure, level"
16,"other, institution, case, issue, however, national, such, system, take, level, rule, public"
17,"price_stability, stability, economic, strategy, development, decision, govern_council, medium_term, inflation, price, money, interest_rate"
18,"risk, climate, climate_change, economy, transition, investment, global, green, climate_relate, impact, energy, action"
19,"financial, model, economic, analysis, money, research, price, macroeconomic, asset, use, work_paper, economy"
