topic,words
0,"pandemic, inflation, economy, rise, shock, investment, price, firm, global, face, energy, demand"
1,"rate, interest_rate, inflation, low, asset_purchase, measure, market, condition, negative, purchase, instrument, long_term"
2,"statistic, datum, financial, information, statistical, analysis, account, national, use, economic, development, quality"
3,"currency, international, exchange_rate, market, role, use, dollar, money, reserve, country, economic, financial"
4,"national, institution, system, decision, member_state, level, member, parliament, independence, financial, treaty, issue"
5,"crisis, fiscal, country, financial, economic, government, reform, market, union, debt, measure, national"
6,"market, financial, integration, cross_border, development, single, system, security, service, country, process, national"
7,"capital, banking_union, supervision, national, resolution, supervisory, banking_sector, supervisor, risk, single, ensure, banking"
8,"banknote, coin, banknote_coin, cash_changeover, cash, national, country, public, currency, use, changeover, value"
9,"now, take, very, first, question, just, way, know, come, many, here, still"
10,"global, economy, financial, country, international, trade, globalisation, world, emerge, market, domestic, economic"
11,"economic, political, union, people, trust, common, citizen, institution, single, integration, national, challenge"
12,"market, liquidity, financial, money, operation, credit, measure, rate, crisis, collateral, provide, turmoil"
13,"growth, inflation, economic, level, price, outlook, expect, rate, development, support, measure, recovery"
14,"growth, economy, economic, productivity, reform, rate, country, investment, market, sector, employment, structural_reform"
15,"country, economic, member_state, integration, exchange_rate, union, convergence, process, economy, challenge, currency, market"
16,"payment, digital, use, sepa, service, money, retail_payment, cash, payment_system, transaction, scheme, provide"
17,"such, however, other, case, level, different, way, thus, change, process, use, most"
18,"effect, economic, research, work_paper, evidence, household, model, vol, paper, income, impact, low"
19,"inflation, price, money, economy, analysis, price_stability, financial, economic, model, asset, shock, uncertainty"
20,"inflation, chart, rate, shock, wage, base, inflation_expectation, change, model, price, service, impact"
21,"risk, climate, climate_change, financial, climate_relate, green, economy, impact, supervisor, action, transition, include"
22,"price_stability, economic, stability, strategy, development, govern_council, decision, interest_rate, medium_term, price, inflation, market"
23,"financial, market, risk, credit, asset, loan, non, sector, finance, capital, investor, large"
24,"financial, stability, risk, system, crisis, institution, framework, macro_prudential, sector, systemic_risk, macroprudential, market"
