topic,words
0,"risk, climate, climate_change, economy, transition, climate_relate, green, investment, impact, energy, financial, global"
1,"rate, interest_rate, asset_purchase, inflation, market, low, condition, purchase, negative, measure, bond, forward_guidance"
2,"economic, political, union, people, integration, institution, citizen, trust, national, single, common, currency"
3,"market, financial, integration, development, system, cross_border, single, country, process, capital, service, security"
4,"country, economic, member_state, exchange_rate, union, currency, convergence, integration, process, economy, region, join"
5,"fiscal, country, economic, government, reform, union, national, level, rule, market, stability, debt"
6,"payment, sepa, service, market, retail_payment, infrastructure, use, customer, national, payment_system, scheme, cost"
7,"capital, banking_union, national, supervision, supervisory, resolution, banking_sector, supervisor, union, country, single, banking"
8,"banknote, currency, banknote_coin, country, use, coin, national, public, cash_changeover, changeover, cash, introduction"
9,"very, take, way, other, market, change, now, first, question, give, much, many"
10,"global, international, currency, country, economy, trade, financial, world, market, globalisation, exchange_rate, domestic"
11,"challenge, well, first, important, work, many, key, take, future, support, help, far"
12,"market, liquidity, money, financial, operation, rate, credit, collateral, provide, measure, asset, turmoil"
13,"price_stability, stability, strategy, economic, inflation, development, price, decision, medium_term, govern_council, interest_rate, objective"
14,"growth, economy, economic, reform, productivity, country, rate, market, sector, firm, employment, structural_reform"
15,"growth, inflation, economic, rate, price, outlook, expect, level, development, low, economy, support"
16,"digital, money, payment, use, cash, technology, transaction, system, provide, public, private, value"
17,"national, institution, system, other, decision, independence, objective, issue, treaty, escb, operation, task"
18,"low, effect, household, slide, income, rise, interest_rate, price, real, example, vol, demand"
19,"price, model, inflation, economic, economy, analysis, money, financial, shock, effect, asset, real"
20,"inflation, shock, pandemic, chart, wage, inflation_expectation, price, rate, change, firm, base, energy"
21,"statistic, datum, information, financial, statistical, account, analysis, use, national, economic, development, quality"
22,"crisis, financial, measure, economy, support, take, country, risk, economic, condition, market, lead"
23,"financial, risk, credit, market, asset, loan, non, sector, finance, capital, large, firm"
24,"financial, risk, stability, system, institution, crisis, macro_prudential, framework, systemic_risk, sector, market, regulation"
