topic,words
0,"risk, climate, climate_change, investment, economy, transition, climate_relate, green, impact, energy, pandemic, finance"
1,"credit, loan, non, capital, firm, sector, lending, finance, asset, banking, banking_sector, market"
2,"banknote, banknote_coin, coin, cash_changeover, public, national, currency, cash, country, changeover, use, money"
3,"country, economic, member_state, exchange_rate, convergence, process, integration, union, currency, economy, challenge, price"
4,"market, financial, integration, system, cross_border, development, single, country, security, service, capital, economic"
5,"market, union, banking_union, national, capital, resolution, mechanism, single, financial, country, supervision, level"
6,"currency, international, exchange_rate, market, dollar, role, use, country, reserve, economic, stability, foreign_exchange"
7,"digital, payment, money, use, cash, financial, technology, system, transaction, risk, service, crypto_asset"
8,"payment, sepa, service, market, retail_payment, use, national, payment_system, customer, infrastructure, scheme, cost"
9,"economic, political, union, national, institution, common, integration, single, people, trust, citizen, market"
10,"inflation, price, shock, wage, inflation_expectation, demand, rise, firm, energy, change, cost, medium_term"
11,"financial, market, risk, asset, stability, price, credit, system, institution, investor, liquidity, global"
12,"such, other, however, issue, particular, level, development, change, case, different, process, thus"
13,"price_stability, inflation, strategy, stability, economic, price, decision, development, medium_term, interest_rate, money, analysis"
14,"fiscal, country, government, economic, reform, debt, stability, rule, national, deficit, level, adjustment"
15,"model, economic, economy, analysis, effect, research, price, shock, evidence, money, work_paper, macroeconomic"
16,"global, economy, country, international, trade, financial, globalisation, world, emerge, domestic, market, economic"
17,"low, interest_rate, rate, real, household, effect, income, negative, slide, level, price, investment"
18,"crisis, financial, economy, measure, support, take, challenge, first, face, condition, response, economic"
19,"growth, economy, economic, productivity, reform, market, country, firm, structural_reform, employment, sector, rate"
20,"financial, risk, supervisory, institution, supervisor, framework, regulation, supervision, level, banking, work, authority"
21,"work, many, first, very, here, programme, challenge, well, design, cooperation, project, together"
22,"market, liquidity, money, rate, operation, credit, financial, collateral, measure, interest_rate, provide, asset"
23,"growth, economic, rate, inflation, development, outlook, support, expect, level, economy, recovery, low"
24,"rate, interest_rate, market, asset_purchase, inflation, purchase, condition, forward_guidance, programme, bond, yield, instrument"
25,"statistic, datum, financial, information, statistical, account, analysis, national, use, economic, quality, development"
26,"now, take, way, very, question, just, know, come, other, then, much, give"
27,"national, escb, treaty, decision, independence, govern_council, task, institution, system, member_state, operation, objective"
28,"chart, rate, pandemic, base, model, impact, late_observation, shock, note, source, measure, estimate"
29,"financial, stability, system, risk, macro_prudential, crisis, macroprudential, systemic_risk, sector, institution, framework, esrb"
