topic,words
0,"pandemic, economy, investment, global, support, firm, rise, change, market, challenge, fiscal, crisis"
1,"credit, loan, non, capital, sector, lending, firm, asset, banking_sector, finance, low, financing"
2,"banknote, national, coin, banknote_coin, cash_changeover, public, country, cash, use, currency, changeover, citizen"
3,"country, economic, member_state, integration, exchange_rate, convergence, economy, union, process, market, currency, region"
4,"financial, market, risk, asset, investor, institution, system, stability, price, development, credit, liquidity"
5,"fiscal, country, economic, reform, government, union, national, rule, debt, deficit, member_state, level"
6,"market, banking_union, national, capital, union, supervision, risk, resolution, supervisor, supervisory, single, mechanism"
7,"payment, digital, use, sepa, money, service, retail_payment, cash, payment_system, scheme, customer, transaction"
8,"market, financial, integration, cross_border, single, system, service, development, country, security, national, competition"
9,"take, way, now, very, first, change, other, question, much, many, give, then"
10,"inflation, price, shock, wage, inflation_expectation, medium_term, cost, energy, rate, demand, target, service"
11,"crisis, financial, measure, market, economy, risk, take, credit, support, country, government, condition"
12,"financial, risk, regulation, ccp, regulatory, global, market_infrastructure, standard, clearing, risk_management, system, market"
13,"price_stability, stability, economic, inflation, development, price, strategy, medium_term, govern_council, interest_rate, decision, market"
14,"economic, union, political, people, trust, citizen, common, institution, integration, single, world, value"
15,"risk, climate, climate_change, climate_relate, financial, green, transition, economy, supervisor, supervisory, impact, action"
16,"global, economy, country, financial, international, trade, globalisation, world, emerge, domestic, market, economic"
17,"price, effect, economic, asset, change, role, evidence, financial, impact, research, result, work_paper"
18,"low, interest_rate, rate, inflation, real, negative, fall, economy, level, income, investment, effect"
19,"growth, economy, economic, market, reform, productivity, country, sector, rate, structural_reform, employment, labour_market"
20,"financial, stability, risk, system, crisis, macro_prudential, sector, macroprudential, institution, systemic_risk, framework, supervision"
21,"statistic, datum, financial, statistical, information, account, analysis, national, economic, use, quality, indicator"
22,"market, liquidity, money, rate, operation, collateral, credit, asset, interest_rate, provide, reserve, balance_sheet"
23,"growth, economic, outlook, rate, expect, development, economy, inflation, recovery, support, level, measure"
24,"rate, asset_purchase, market, interest_rate, inflation, condition, purchase, bond, forward_guidance, programme, instrument, yield"
25,"important, well, level, issue, first, provide, support, challenge, regard, process, framework, second"
26,"analysis, uncertainty, model, money, strategy, economy, communication, decision, inflation, expectation, information, approach"
27,"currency, international, exchange_rate, market, use, role, dollar, country, money, reserve, economic, system"
28,"chart, rate, household, model, base, impact, late_observation, note, estimate, shock, source, change"
29,"institution, national, decision, independence, system, banking, public, treaty, legal, other, objective, task"
