PC,Rank,Topic,Loading,AbsLoading,Sign
PC1,1,Topic 13: Communication and Rhetoric,0.3716742612435677,0.3716742612435677,positive
PC1,2,Topic 19: Crisis Management & Recovery,-0.3200093747944825,0.3200093747944825,negative
PC1,3,Topic 25: Unconventional Monetary Policy (QE & Forward Guidance),-0.2956373311983772,0.2956373311983772,negative
PC1,4,Topic 14: ECB Strategy and Price Stability,0.27013373568740034,0.27013373568740034,positive
PC1,5,Topic 29: Pandemic and PEPP,-0.2632364470303928,0.2632364470303928,negative
PC10,1,Topic 4: European Integration and Convergence,0.5185993531386166,0.5185993531386166,positive
PC10,2,Topic 9: Payment Systems and Infrastructure,-0.3430342638707087,0.3430342638707087,negative
PC10,3,Topic 18: Household Consumption and Savings,-0.28657647548681076,0.28657647548681076,negative
PC10,4,Topic 7: Currency and Exchange Rates,-0.2836631101466146,0.2836631101466146,negative
PC10,5,Topic 16: Economic Research & Modelling,-0.27256988003715,0.27256988003715,negative
PC11,1,Topic 10: European Integration and Institutions,0.4020414020701385,0.4020414020701385,positive
PC11,2,Topic 30: Financial Stability and Macroprudential Policy,-0.3228662447191356,0.3228662447191356,negative
PC11,3,Topic 12: Financial Stability and Risk,0.29220461677881227,0.29220461677881227,positive
PC11,4,Topic 17: Economic Outlook & Global Environment,0.25961955285310045,0.25961955285310045,positive
PC11,5,Topic 8: Digital Money and Fintech,-0.23665503981918778,0.23665503981918778,negative
PC2,1,Topic 11: Inflation and Prices,0.34464928449097226,0.34464928449097226,positive
PC2,2,Topic 23: Monetary Policy Operations & Liquidity,-0.33213187044836673,0.33213187044836673,negative
PC2,3,Topic 1: Climate and Risk,0.3176237493878528,0.3176237493878528,positive
PC2,4,Topic 30: Financial Stability and Macroprudential Policy,-0.3083333516239026,0.3083333516239026,negative
PC2,5,Topic 15: Fiscal and Sovereign Debt Policy,-0.29530788589489954,0.29530788589489954,negative
PC3,1,Topic 27: Generic Discourse / Residual,0.3714080434144102,0.3714080434144102,positive
PC3,2,Topic 10: European Integration and Institutions,0.35212043412388994,0.35212043412388994,positive
PC3,3,Topic 12: Financial Stability and Risk,-0.32511749818019997,0.32511749818019997,negative
PC3,4,Topic 17: Economic Outlook & Global Environment,-0.2835824135221715,0.2835824135221715,negative
PC3,5,Topic 6: Banking Union and Supervision,0.27704876541380047,0.27704876541380047,positive
PC4,1,Topic 22: Formal and Protocol Discourse,0.3687959464580082,0.3687959464580082,positive
PC4,2,Topic 2: Credit and Lending,-0.3169791684889692,0.3169791684889692,negative
PC4,3,Topic 6: Banking Union and Supervision,-0.3025887695952881,0.3025887695952881,negative
PC4,4,Topic 25: Unconventional Monetary Policy (QE & Forward Guidance),-0.2786977872225214,0.2786977872225214,negative
PC4,5,Topic 5: Fiscal Policy,-0.2536907054737475,0.2536907054737475,negative
PC5,1,Topic 22: Formal and Protocol Discourse,0.39819538320468695,0.39819538320468695,positive
PC5,2,Topic 9: Payment Systems and Infrastructure,0.35869301926719277,0.35869301926719277,positive
PC5,3,Topic 20: Structural Reforms & Competitiveness,0.34627418388229186,0.34627418388229186,positive
PC5,4,Topic 7: Currency and Exchange Rates,-0.31912862470582076,0.31912862470582076,negative
PC5,5,Topic 27: Generic Discourse / Residual,0.2750849019971846,0.2750849019971846,positive
PC6,1,Topic 16: Economic Research & Modelling,0.4772849786018404,0.4772849786018404,positive
PC6,2,Topic 18: Household Consumption and Savings,0.3983548894009997,0.3983548894009997,positive
PC6,3,Topic 21: Prudential Supervision and Regulation,-0.342213582476403,0.342213582476403,negative
PC6,4,Topic 9: Payment Systems and Infrastructure,-0.2568518949438661,0.2568518949438661,negative
PC6,5,Topic 15: Fiscal and Sovereign Debt Policy,0.23583208218964685,0.23583208218964685,positive
PC7,1,Topic 16: Economic Research & Modelling,0.4640351211573689,0.4640351211573689,positive
PC7,2,Topic 15: Fiscal and Sovereign Debt Policy,-0.3741984874124458,0.3741984874124458,negative
PC7,3,Topic 17: Economic Outlook & Global Environment,-0.3455731778842655,0.3455731778842655,negative
PC7,4,Topic 26: Statistics and Data,-0.2714594109881029,0.2714594109881029,negative
PC7,5,Topic 3: Cash and Banknotes,0.2698159997489319,0.2698159997489319,positive
PC8,1,Topic 26: Statistics and Data,0.45090689532013767,0.45090689532013767,positive
PC8,2,Topic 3: Cash and Banknotes,0.35360116993859814,0.35360116993859814,positive
PC8,3,Topic 24: Economic Outlook,0.3366948469444452,0.3366948469444452,positive
PC8,4,Topic 5: Fiscal Policy,-0.30822161529322356,0.30822161529322356,negative
PC8,5,Topic 10: European Integration and Institutions,-0.2998250084415628,0.2998250084415628,negative
PC9,1,Topic 24: Economic Outlook,0.5618022235357035,0.5618022235357035,positive
PC9,2,Topic 26: Statistics and Data,-0.5058551434568531,0.5058551434568531,negative
PC9,3,Topic 18: Household Consumption and Savings,-0.25675683892966844,0.25675683892966844,negative
PC9,4,Topic 5: Fiscal Policy,-0.2251250552907336,0.2251250552907336,negative
PC9,5,Topic 20: Structural Reforms & Competitiveness,0.22349191263943147,0.22349191263943147,positive
