topic,words
0,"global, international, currency, country, economy, trade, financial, market, world, exchange_rate, globalisation, domestic"
1,"take, now, way, many, other, very, first, come, question, change, mean, just"
2,"financial, risk, market, stability, system, crisis, sector, credit, asset, institution, liquidity, global"
3,"risk, supervisory, financial, institution, level, supervision, supervisor, framework, regulation, ensure, authority, set"
4,"inflation, rate, growth, low, interest_rate, measure, expect, price, level, outlook, recovery, economy"
5,"growth, economy, economic, investment, firm, low, productivity, country, market, sector, rate, reform"
6,"market, liquidity, rate, credit, interest_rate, measure, money, financial, asset, operation, loan, balance_sheet"
7,"inflation, price, model, effect, shock, real, change, interest_rate, rate, economy, low, analysis"
8,"crisis, country, fiscal, financial, economic, union, government, national, support, level, market, ensure"
9,"market, financial, integration, system, development, cross_border, single, security, capital, process, country, service"
10,"price_stability, economic, stability, strategy, development, decision, objective, money, govern_council, market, price, medium_term"
11,"country, economic, member_state, growth, fiscal, union, exchange_rate, process, national, level, reform, structural_reform"
12,"statistic, datum, banknote, national, use, information, statistical, account, banknote_coin, other, coin, public"
13,"risk, pandemic, inflation, shock, chart, energy, impact, climate, climate_change, change, economy, firm"
14,"payment, digital, use, money, sepa, service, cash, retail_payment, provide, payment_system, scheme, transaction"
