topic,words
0,"rate, interest_rate, low, inflation, asset_purchase, market, measure, condition, negative, effect, purchase, instrument"
1,"inflation, shock, price, chart, rate, pandemic, inflation_expectation, wage, change, firm, base, demand"
2,"growth, economy, economic, productivity, reform, investment, country, rate, firm, low, sector, employment"
3,"country, economic, member_state, exchange_rate, growth, union, integration, fiscal, process, economy, convergence, currency"
4,"market, financial, integration, cross_border, development, single, system, process, security, service, capital, country"
5,"payment, digital, money, use, sepa, service, cash, retail_payment, payment_system, provide, transaction, customer"
6,"market, liquidity, financial, money, measure, credit, crisis, operation, risk, rate, collateral, provide"
7,"financial, risk, stability, system, crisis, institution, supervision, framework, supervisory, regulation, macro_prudential, supervisor"
8,"financial, market, risk, credit, asset, loan, capital, sector, non, finance, large, firm"
9,"economic, people, political, union, citizen, institution, trust, common, single, work, integration, share"
10,"growth, economic, inflation, economy, support, outlook, level, recovery, expect, measure, rate, development"
11,"statistic, datum, financial, information, statistical, account, analysis, use, national, economic, provide, development"
12,"crisis, fiscal, country, financial, union, economic, government, national, level, reform, debt, market"
13,"global, international, currency, financial, country, economy, trade, market, world, globalisation, exchange_rate, domestic"
14,"banknote, currency, country, question, now, very, banknote_coin, coin, use, cash_changeover, first, public"
15,"way, take, market, many, other, first, now, change, give, well, come, still"
16,"national, institution, system, decision, issue, other, operation, public, treaty, objective, level, member_state"
17,"price_stability, inflation, stability, economic, strategy, development, price, decision, interest_rate, medium_term, objective, govern_council"
18,"risk, climate, climate_change, economy, pandemic, global, investment, transition, climate_relate, green, energy, impact"
19,"price, financial, model, economic, economy, effect, money, analysis, macroeconomic, shock, research, asset"
