topic,words
0,"economic, growth, stability, development, price_stability, economy, rate, structural_reform, country, market, fiscal, reform"
1,"liquidity, market, money, rate, operation, collateral, reserve, asset, short_term, counterpartie, demand, provide"
2,"financial, market, risk, credit, asset, loan, investor, non, sector, finance, price, capital"
3,"strategy, decision, govern_council, price_stability, economic, development, communication, information, analysis, forecast, money, interest_rate"
4,"growth, productivity, economy, sector, market, firm, labour_market, reform, investment, employment, productivity_growth, economic"
5,"banking, system, competition, security, activity, market, institution, service, change, regulation, business, consolidation"
6,"country, member_state, exchange_rate, convergence, economic, accession_country, integration, enlargement, join, process, adoption, adopt"
7,"banking_union, supervision, national, supervisory, resolution, supervisor, banking_sector, risk, banking, mechanism, country, ensure"
8,"inflation, growth, outlook, economic, expect, rate, level, price, support, medium_term, measure, strong"
9,"payment, sepa, service, market, retail_payment, infrastructure, use, national, scheme, card, payment_system, payment_service"
10,"important, first, well, challenge, now, key, work, issue, set, provide, far, such"
11,"market, measure, financial, crisis, liquidity, credit, support, condition, take, economy, provide, non_standard"
12,"inflation, pandemic, price, shock, rise, economy, energy, change, global, firm, fiscal, demand"
13,"household, income, interest_rate, saving, low, rate, country, real, asset, inequality, consumption, tax"
14,"market, way, other, take, case, very, give, first, many, example, fact, such"
15,"low, crisis, growth, economy, recovery, country, investment, capital, reduce, firm, measure, support"
16,"economic, union, political, national, integration, single, country, common, institution, citizen, market, people"
17,"banknote, now, country, question, banknote_coin, coin, national, very, public, currency, cash_changeover, already"
18,"financial, crisis, stability, asset, credit, risk, imbalance, price, macro_prudential, cycle, system, economic"
19,"rate, interest_rate, asset_purchase, market, purchase, forward_guidance, negative, condition, bond, effect, instrument, yield"
20,"inflation, chart, rate, base, shock, late_observation, model, note, tightening, measure, wage, source"
21,"statistic, datum, financial, statistical, information, account, national, analysis, economic, development, quality, use"
22,"country, competitiveness, economic, union, price, cost, adjustment, difference, average, shock, growth, dispersion"
23,"market, financial, integration, cross_border, single, capital, development, country, system, process, service, national"
24,"financial, system, stability, risk, institution, market, crisis, framework, supervision, supervisory, sector, systemic_risk"
25,"risk, climate, climate_change, climate_relate, financial, economy, green, transition, impact, supervisor, action, finance"
26,"inflation, price, price_stability, rate, inflation_expectation, economy, money, interest_rate, shock, expectation, change, real"
27,"fiscal, country, crisis, government, reform, debt, financial, rule, economic, level, framework, programme"
28,"currency, international, exchange_rate, role, use, market, dollar, country, reserve, system, share, foreign_exchange"
29,"digital, payment, money, use, cash, technology, transaction, risk, crypto_asset, financial, ensure, provide"
30,"model, economic, effect, research, work_paper, evidence, use, impact, role, analysis, vol, paper"
31,"people, work, history, here, become, many, culture, world, century, design, value, very"
32,"macroprudential, risk, financial, ccp, regulation, capital, non, sector, market, regulatory, system, framework"
33,"global, economy, international, country, trade, globalisation, world, financial, emerge, domestic, market, economic"
34,"national, independence, objective, escb, treaty, institution, stability, decision, other, task, system, mandate"
