topic,words
0,"risk, climate, climate_change, investment, transition, climate_relate, green, economy, impact, energy, finance, financial"
1,"credit, loan, non, capital, firm, lending, sector, finance, asset, cost, banking, large"
2,"banknote, banknote_coin, coin, cash_changeover, national, public, cash, currency, country, changeover, use, citizen"
3,"country, economic, member_state, exchange_rate, integration, convergence, union, process, currency, inflation, price, economy"
4,"market, financial, integration, system, cross_border, development, single, country, capital, service, economic, national"
5,"market, union, banking_union, national, financial, capital, mechanism, resolution, single, country, supervision, level"
6,"currency, international, exchange_rate, market, use, role, dollar, country, economic, reserve, financial, share"
7,"digital, payment, money, use, cash, financial, technology, system, transaction, risk, service, crypto_asset"
8,"payment, sepa, service, market, retail_payment, use, national, payment_system, infrastructure, scheme, card, customer"
9,"economic, political, union, national, institution, single, common, people, integration, market, trust, citizen"
10,"inflation, price, shock, wage, inflation_expectation, rise, change, firm, energy, demand, cost, effect"
11,"financial, market, risk, asset, stability, price, system, credit, institution, liquidity, investor, global"
12,"such, other, however, particular, level, important, issue, first, provide, result, development, well"
13,"price_stability, strategy, inflation, economic, stability, price, decision, development, medium_term, interest_rate, govern_council, objective"
14,"fiscal, country, economic, government, reform, stability, debt, crisis, rule, financial, national, union"
15,"model, economic, economy, inflation, effect, price, money, analysis, research, work_paper, evidence, shock"
16,"global, economy, international, country, trade, financial, globalisation, world, emerge, domestic, economic, market"
17,"interest_rate, low, household, rate, income, real, country, saving, asset, effect, investment, interest"
18,"crisis, economy, financial, measure, support, take, challenge, first, recovery, condition, face, such"
19,"growth, economy, economic, productivity, market, reform, rate, sector, structural_reform, employment, country, firm"
20,"financial, risk, supervisory, institution, supervisor, regulation, framework, supervision, authority, banking, level, standard"
21,"work, many, first, here, programme, well, very, thank, world, people, know, challenge"
22,"market, liquidity, money, operation, rate, credit, measure, financial, collateral, interest_rate, provide, funding"
23,"growth, economic, inflation, rate, development, outlook, expect, support, level, recovery, economy, measure"
24,"rate, interest_rate, market, asset_purchase, inflation, purchase, bond, effect, forward_guidance, instrument, programme, negative"
25,"statistic, datum, financial, information, statistical, analysis, account, national, economic, use, quality, development"
26,"take, now, very, question, other, way, just, country, change, know, then, come"
27,"national, escb, decision, treaty, independence, system, govern_council, stability, institution, objective, task, member_state"
28,"chart, rate, pandemic, model, base, late_observation, shock, source, note, impact, measure, estimate"
29,"financial, stability, system, risk, crisis, macro_prudential, macroprudential, systemic_risk, sector, institution, framework, esrb"
