topic,words
0,"pandemic, inflation, economy, rise, shock, price, investment, global, firm, change, energy, demand"
1,"rate, interest_rate, low, inflation, asset_purchase, measure, market, condition, negative, purchase, instrument, long_term"
2,"statistic, datum, financial, information, statistical, analysis, account, national, use, economic, quality, development"
3,"currency, international, exchange_rate, market, use, role, dollar, money, country, reserve, system, financial"
4,"national, institution, decision, member, independence, system, parliament, committee, member_state, level, issue, task"
5,"crisis, fiscal, country, financial, economic, government, reform, union, market, debt, measure, stability"
6,"market, financial, integration, cross_border, system, development, single, security, country, service, process, national"
7,"capital, banking_union, supervision, national, banking_sector, resolution, supervisory, supervisor, union, banking, risk, ensure"
8,"banknote, coin, banknote_coin, country, cash_changeover, national, cash, public, use, changeover, currency, citizen"
9,"take, now, very, first, come, question, know, many, way, just, here, give"
10,"global, economy, financial, international, country, trade, globalisation, world, emerge, domestic, market, economic"
11,"economic, political, union, people, trust, common, institution, citizen, integration, single, national, challenge"
12,"market, liquidity, financial, money, measure, operation, credit, rate, collateral, crisis, provide, asset"
13,"growth, inflation, economic, support, outlook, price, expect, economy, level, rate, development, measure"
14,"growth, economy, economic, productivity, reform, rate, country, investment, market, low, sector, firm"
15,"country, economic, member_state, integration, exchange_rate, union, convergence, process, economy, challenge, currency, market"
16,"payment, digital, use, sepa, service, money, retail_payment, cash, payment_system, customer, transaction, provide"
17,"such, however, other, case, result, change, thus, same, issue, indeed, most, fact"
18,"effect, economic, model, work_paper, research, evidence, household, vol, impact, price, paper, income"
19,"inflation, price, price_stability, money, economy, analysis, economic, uncertainty, financial, asset, strategy, shock"
20,"inflation, chart, rate, shock, wage, base, model, change, price, service, measure, late_observation"
21,"risk, climate, climate_change, financial, climate_relate, green, impact, supervisor, transition, economy, action, sector"
22,"price_stability, economic, stability, strategy, development, govern_council, decision, interest_rate, price, medium_term, inflation, growth"
23,"financial, market, risk, credit, asset, sector, loan, non, finance, capital, investor, large"
24,"financial, risk, stability, system, crisis, institution, framework, macro_prudential, sector, systemic_risk, regulation, macroprudential"
