﻿Metric,Value
Totale discorsi (raw),2928
Dopo cleaning di base (contenuto non vuoto),2798
Con lingua rilevata (righe),2798
— di cui English,2612
Periodo coperto (min),1997-02-07
Periodo coperto (max),2025-08-23
Lunghezza parole — media,3064.2
Lunghezza parole — mediana,2745.0
Lunghezza parole — p10,1204.6
Lunghezza parole — p90,5181.9
Preprocessing LDA,non disponibile (manca results/lda/*)
DFR: dfr_date_min,1999-01-01
DFR: dfr_date_max,2025-09-10
DFR: dfr_min,-0.5
DFR: dfr_max,4.0
EA-MPD: n_meetings,312
EA-MPD: meetings_date_min,1999-01-07
EA-MPD: meetings_date_max,2025-06-05
